Sample in Buffer,Sample in Window,TRIGGER,LVDS_DATA_0_DBG,LVDS_DATA_1_DBG,LVDS_DATA_2_DBG,LVDS_DATA_3_DBG
Radix - UNSIGNED,UNSIGNED,UNSIGNED,HEX,HEX,HEX,HEX
0,0,0,0,0,0,0
1,1,0,0,0,1,1
2,2,0,0,0,1,1
3,3,0,0,0,1,0
4,4,0,0,0,1,0
5,5,0,0,0,0,0
6,6,0,0,0,1,1
7,7,0,0,0,0,1
8,8,0,0,0,1,0
9,9,0,0,0,1,0
10,10,0,0,0,0,0
11,11,0,0,0,1,1
12,12,0,0,0,0,1
13,13,0,0,0,1,0
14,14,0,0,0,1,0
15,15,0,0,0,1,0
16,16,0,0,0,1,1
17,17,0,0,0,0,1
18,18,0,0,0,1,1
19,19,0,0,0,0,0
20,20,0,0,0,1,1
21,21,0,0,0,1,1
22,22,0,0,0,0,1
23,23,0,0,0,1,1
24,24,0,0,0,0,0
25,25,0,0,0,1,1
26,26,0,0,0,0,1
27,27,0,0,0,0,1
28,28,0,0,0,1,1
29,29,0,0,0,0,0
30,30,0,0,0,1,1
31,31,0,0,0,0,0
32,32,0,0,0,0,1
33,33,0,0,0,1,1
34,34,0,0,0,0,0
35,35,0,0,0,1,1
36,36,0,0,0,0,0
37,37,0,0,0,1,1
38,38,0,0,0,1,0
39,39,0,0,0,0,0
40,40,0,0,0,1,1
41,41,0,0,0,0,0
42,42,0,0,0,1,1
43,43,0,0,0,1,0
44,44,0,0,0,0,0
45,45,0,0,0,1,1
46,46,0,0,0,0,0
47,47,0,0,0,1,1
48,48,0,0,0,0,0
49,49,0,0,0,1,0
50,50,0,0,0,1,0
51,51,0,0,0,0,0
52,52,0,0,0,1,1
53,53,0,0,0,0,0
54,54,0,0,0,1,0
55,55,0,0,0,1,0
56,56,0,0,0,0,0
57,57,0,0,0,1,1
58,58,0,0,0,0,0
59,59,0,0,0,1,1
60,60,0,0,0,0,0
61,61,0,0,0,1,0
62,62,0,0,0,1,1
63,63,0,0,0,0,0
64,64,0,0,0,1,1
65,65,0,0,0,0,0
66,66,0,0,0,1,1
67,67,0,0,0,0,1
68,68,0,0,0,1,0
69,69,0,0,0,1,1
70,70,0,0,1,0,0
71,71,0,0,0,1,1
72,72,0,0,0,0,1
73,73,0,0,0,1,0
74,74,0,0,0,1,1
75,75,0,0,0,0,0
76,76,0,0,0,1,1
77,77,0,0,0,0,0
78,78,0,0,0,0,0
79,79,0,0,0,1,0
80,80,0,0,0,0,0
81,81,0,0,0,1,1
82,82,0,0,0,0,0
83,83,0,0,0,1,0
84,84,0,0,0,1,0
85,85,0,0,0,0,0
86,86,0,0,0,1,1
87,87,0,0,0,0,0
88,88,0,0,0,1,0
89,89,0,0,0,0,0
90,90,0,0,0,1,0
91,91,0,0,0,1,0
92,92,0,0,0,0,0
93,93,0,0,0,1,1
94,94,0,0,0,0,0
95,95,0,0,0,1,0
96,96,0,0,0,1,0
97,97,0,0,0,1,0
98,98,0,0,0,1,0
99,99,0,0,0,0,0
100,100,0,0,0,1,1
101,101,0,0,0,1,0
102,102,0,0,0,1,1
103,103,0,0,0,1,1
104,104,0,0,0,0,0
105,105,0,0,0,1,1
106,106,0,0,0,0,0
107,107,0,0,0,1,1
108,108,0,0,0,0,1
109,109,0,0,0,0,0
110,110,0,0,0,1,1
111,111,0,0,1,0,0
112,112,0,0,0,1,1
113,113,0,0,0,0,1
114,114,0,0,0,0,0
115,115,0,0,0,1,1
116,116,0,0,0,0,0
117,117,0,0,0,1,1
118,118,0,0,0,0,0
119,119,0,0,0,0,0
120,120,0,0,0,1,1
121,121,0,0,0,0,0
122,122,0,0,0,1,1
123,123,0,0,0,0,0
124,124,0,0,0,1,1
125,125,0,0,0,1,1
126,126,0,0,0,0,0
127,127,0,0,0,1,1
128,128,0,0,0,0,0
129,129,0,0,0,1,1
130,130,0,0,0,0,0
131,131,0,0,0,1,0
132,132,0,0,0,1,1
133,133,0,0,0,0,0
134,134,0,0,0,1,1
135,135,0,0,0,0,0
136,136,0,0,0,1,0
137,137,0,0,0,1,1
138,138,0,0,0,0,0
139,139,0,0,0,1,1
140,140,0,0,0,0,0
141,141,0,0,0,1,0
142,142,0,0,0,1,1
143,143,0,0,0,1,0
144,144,0,0,0,1,1
145,145,0,0,0,0,0
146,146,0,0,0,1,1
147,147,0,0,0,0,1
148,148,0,0,0,1,0
149,149,0,0,0,1,1
150,150,0,0,0,0,0
151,151,0,0,0,1,1
152,152,0,0,0,0,0
153,153,0,0,0,1,0
154,154,0,0,0,0,1
155,155,0,0,0,0,0
156,156,0,0,0,1,1
157,157,0,0,0,0,0
158,158,0,0,0,1,0
159,159,0,0,0,0,0
160,160,0,0,0,0,1
161,161,0,0,0,1,1
162,162,0,0,0,0,0
163,163,0,0,0,1,0
164,164,0,0,0,0,0
165,165,0,0,0,1,1
166,166,0,0,0,1,0
167,167,0,0,0,0,0
168,168,0,0,0,1,1
169,169,0,0,0,0,0
170,170,0,0,0,1,1
171,171,0,0,0,1,0
172,172,0,0,0,0,0
173,173,0,0,0,1,1
174,174,0,0,0,0,0
175,175,0,0,0,1,1
176,176,0,0,0,0,0
177,177,0,0,0,1,0
178,178,0,0,0,1,0
179,179,0,0,0,0,0
180,180,0,0,0,1,1
181,181,0,0,0,0,0
182,182,0,0,0,1,0
183,183,0,0,0,1,0
184,184,0,0,0,0,0
185,185,0,0,0,1,1
186,186,0,0,0,0,0
187,187,0,0,0,1,1
188,188,0,0,0,0,0
189,189,0,0,0,1,1
190,190,0,0,0,1,1
191,191,0,0,0,0,0
192,192,0,0,0,1,1
193,193,0,0,0,0,0
194,194,0,0,0,1,1
195,195,0,0,0,0,1
196,196,0,0,0,0,0
197,197,0,0,0,1,1
198,198,0,0,1,0,0
199,199,0,0,0,1,1
200,200,0,0,0,0,1
201,201,0,0,0,0,0
202,202,0,0,0,1,1
203,203,0,0,0,0,0
204,204,0,0,0,1,1
205,205,0,0,0,0,0
206,206,0,0,0,0,0
207,207,0,0,0,1,1
208,208,0,0,0,0,0
209,209,0,0,0,1,1
210,210,0,0,0,0,0
211,211,0,0,0,1,1
212,212,0,0,0,1,1
213,213,0,0,0,0,0
214,214,0,0,0,1,1
215,215,0,0,0,0,0
216,216,0,0,0,1,1
217,217,0,0,0,0,1
218,218,0,0,0,1,0
219,219,0,0,0,1,0
220,220,0,0,0,0,0
221,221,0,0,0,1,1
222,222,0,0,0,0,1
223,223,0,0,0,1,0
224,224,0,0,0,1,0
225,225,0,0,0,0,0
226,226,0,0,0,1,1
227,227,0,0,0,0,1
228,228,0,0,0,1,0
229,229,0,0,0,1,0
230,230,0,0,0,1,0
231,231,0,0,0,1,1
232,232,0,0,0,0,1
233,233,0,0,0,1,1
234,234,0,0,0,0,0
235,235,0,0,0,1,1
236,236,0,0,0,0,1
237,237,0,0,0,0,1
238,238,0,0,0,1,1
239,239,0,0,0,0,0
240,240,0,0,0,1,1
241,241,0,0,0,0,1
242,242,0,0,0,0,1
243,243,0,0,0,1,1
244,244,0,0,0,0,0
245,245,0,0,0,1,1
246,246,0,0,0,0,0
247,247,0,0,0,0,1
248,248,0,0,0,1,0
249,249,0,0,0,0,0
250,250,0,0,0,1,1
251,251,0,0,0,0,0
252,252,0,0,0,1,1
253,253,0,0,0,1,0
254,254,0,0,0,0,0
255,255,0,0,0,1,1
256,256,0,0,0,0,0
257,257,0,0,0,1,1
258,258,0,0,0,1,0
259,259,0,0,0,0,0
260,260,0,0,0,1,1
261,261,0,0,0,0,0
262,262,0,0,0,1,1
263,263,0,0,0,0,0
264,264,0,0,0,1,0
265,265,0,0,0,1,0
266,266,0,0,0,0,0
267,267,0,0,0,1,1
268,268,0,0,0,0,0
269,269,0,0,0,1,0
270,270,0,0,0,1,0
271,271,0,0,0,1,0
272,272,0,0,0,1,1
273,273,0,0,0,1,0
274,274,0,0,0,1,1
275,275,0,0,0,0,0
276,276,0,0,0,1,1
277,277,0,0,0,1,1
278,278,0,0,0,1,0
279,279,0,0,0,1,1
280,280,0,0,0,0,0
281,281,0,0,0,1,0
282,282,0,0,0,0,1
283,283,0,0,0,0,0
284,284,0,0,0,1,1
285,285,0,0,0,0,0
286,286,0,0,0,1,1
287,287,0,0,0,0,1
288,288,0,0,0,0,0
289,289,0,0,0,1,1
290,290,0,0,0,0,0
291,291,0,0,0,1,1
292,292,0,0,0,0,0
293,293,0,0,0,1,0
294,294,0,0,0,1,0
295,295,0,0,0,0,0
296,296,0,0,0,1,1
297,297,0,0,0,0,0
298,298,0,0,0,1,0
299,299,0,0,0,1,0
300,300,0,0,0,0,0
301,301,0,0,0,1,0
302,302,0,0,0,0,0
303,303,0,0,0,1,1
304,304,0,0,0,0,0
305,305,0,0,0,1,0
306,306,0,0,0,1,0
307,307,0,0,0,0,0
308,308,0,0,0,1,0
309,309,0,0,0,0,0
310,310,0,0,0,1,0
311,311,0,0,0,1,0
312,312,0,0,0,1,0
313,313,0,0,0,1,0
314,314,0,0,0,0,0
315,315,0,0,0,1,1
316,316,0,0,0,0,0
317,317,0,0,0,1,1
318,318,0,0,0,1,1
319,319,0,0,0,0,0
320,320,0,0,0,1,1
321,321,0,0,0,0,0
322,322,0,0,0,1,1
323,323,0,0,0,0,1
324,324,0,0,0,0,0
325,325,0,0,0,1,1
326,326,0,0,1,0,0
327,327,0,0,0,1,1
328,328,0,0,0,0,0
329,329,0,0,0,0,0
330,330,0,0,0,1,1
331,331,0,0,0,0,0
332,332,0,0,0,1,1
333,333,0,0,0,0,0
334,334,0,0,0,0,0
335,335,0,0,0,1,1
336,336,0,0,0,0,0
337,337,0,0,0,1,1
338,338,0,0,0,0,0
339,339,0,0,0,1,1
340,340,0,0,0,1,0
341,341,0,0,0,0,0
342,342,0,0,0,1,1
343,343,0,0,0,0,0
344,344,0,0,0,1,1
345,345,0,0,0,0,0
346,346,0,0,0,1,0
347,347,0,0,0,1,1
348,348,0,0,0,0,0
349,349,0,0,0,1,1
350,350,0,0,0,0,0
351,351,0,0,0,1,0
352,352,0,0,0,1,1
353,353,0,0,0,1,0
354,354,0,0,0,1,1
355,355,0,0,0,0,0
356,356,0,0,0,1,1
357,357,0,0,0,1,1
358,358,0,0,0,1,0
359,359,0,0,0,1,1
360,360,0,0,0,0,0
361,361,0,0,0,1,1
362,362,0,0,0,0,0
363,363,0,0,0,1,0
364,364,0,0,0,0,1
365,365,0,0,0,0,0
366,366,0,0,0,1,1
367,367,0,0,0,0,0
368,368,0,0,0,1,0
369,369,0,0,0,0,1
370,370,0,0,0,0,0
371,371,0,0,0,1,1
372,372,0,0,0,0,0
373,373,0,0,0,1,0
374,374,0,0,0,0,0
375,375,0,0,0,0,1
376,376,0,0,0,1,0
377,377,0,0,0,0,0
378,378,0,0,0,1,0
379,379,0,0,0,0,0
380,380,0,0,0,1,1
381,381,0,0,0,1,0
382,382,0,0,0,0,0
383,383,0,0,0,1,1
384,384,0,0,0,0,0
385,385,0,0,0,1,1
386,386,0,0,0,0,0
387,387,0,0,0,1,0
388,388,0,0,0,1,0
389,389,0,0,0,0,0
390,390,0,0,0,1,1
391,391,0,0,0,0,0
392,392,0,0,0,1,0
393,393,0,0,0,1,0
394,394,0,0,0,0,0
395,395,0,0,0,1,1
396,396,0,0,0,0,0
397,397,0,0,0,1,1
398,398,0,0,0,1,0
399,399,0,0,0,1,0
400,400,0,0,0,1,1
401,401,0,0,0,0,0
402,402,0,0,0,1,1
403,403,0,0,0,0,0
404,404,0,0,0,1,1
405,405,0,0,0,0,1
406,406,0,0,0,0,0
407,407,0,0,0,1,1
408,408,0,0,1,0,0
409,409,0,0,0,1,1
410,410,0,0,0,0,1
411,411,0,0,0,0,0
412,412,0,0,0,1,1
413,413,0,0,1,0,0
414,414,0,0,0,1,1
415,415,0,0,0,0,0
416,416,0,0,0,0,0
417,417,0,0,0,1,1
418,418,0,0,0,0,0
419,419,0,0,0,1,1
420,420,0,0,0,0,0
421,421,0,0,0,1,1
422,422,0,0,0,1,1
423,423,0,0,0,0,0
424,424,0,0,0,1,1
425,425,0,0,0,0,0
426,426,0,0,0,1,1
427,427,0,0,0,1,1
428,428,0,0,0,0,0
429,429,0,0,0,1,1
430,430,0,0,0,0,0
431,431,0,0,0,1,1
432,432,0,0,0,0,1
433,433,0,0,0,1,0
434,434,0,0,0,1,0
435,435,0,0,0,0,0
436,436,0,0,0,1,1
437,437,0,0,0,0,1
438,438,0,0,0,1,0
439,439,0,0,0,1,0
440,440,0,0,0,0,0
441,441,0,0,0,1,1
442,442,0,0,0,0,1
443,443,0,0,0,1,1
444,444,0,0,0,0,0
445,445,0,0,0,1,1
446,446,0,0,0,1,1
447,447,0,0,0,0,1
448,448,0,0,0,1,1
449,449,0,0,0,0,0
450,450,0,0,0,1,1
451,451,0,0,0,0,1
452,452,0,0,0,0,1
453,453,0,0,0,1,1
454,454,0,0,0,0,0
455,455,0,0,0,1,1
456,456,0,0,0,0,0
457,457,0,0,0,0,1
458,458,0,0,0,1,1
459,459,0,0,0,0,0
460,460,0,0,0,1,1
461,461,0,0,0,0,0
462,462,0,0,0,1,1
463,463,0,0,0,1,0
464,464,0,0,0,0,0
465,465,0,0,0,1,1
466,466,0,0,0,0,0
467,467,0,0,0,1,1
468,468,0,0,0,1,0
469,469,0,0,0,0,0
470,470,0,0,0,1,1
471,471,0,0,0,0,0
472,472,0,0,0,1,1
473,473,0,0,0,0,0
474,474,0,0,0,1,0
475,475,0,0,0,1,1
476,476,0,0,0,0,0
477,477,0,0,0,1,1
478,478,0,0,0,0,0
479,479,0,0,0,1,0
480,480,0,0,0,1,0
481,481,0,0,0,1,0
482,482,0,0,0,1,1
483,483,0,0,0,0,0
484,484,0,0,0,1,1
485,485,0,0,0,0,0
486,486,0,0,0,1,0
487,487,0,0,0,1,1
488,488,0,0,0,1,0
489,489,0,0,0,1,1
490,490,0,0,0,0,0
491,491,0,0,0,1,0
492,492,0,0,0,0,1
493,493,0,0,0,1,0
494,494,0,0,0,1,1
495,495,0,0,1,0,0
496,496,0,0,0,1,0
497,497,0,0,0,0,1
498,498,0,0,0,0,0
499,499,0,0,0,1,1
500,500,0,0,0,0,0
501,501,0,0,0,1,1
502,502,0,0,0,0,0
503,503,0,0,0,0,0
504,504,0,0,0,1,1
505,505,0,0,0,0,0
506,506,0,0,0,1,1
507,507,0,0,0,0,0
508,508,0,0,0,1,0
509,509,0,0,0,1,0
510,510,0,0,0,0,0
511,511,0,0,0,1,1
512,512,0,0,0,0,0
513,513,0,0,0,1,0
514,514,0,0,0,0,0
515,515,0,0,0,1,0
516,516,0,0,0,1,0
517,517,0,0,0,0,0
518,518,0,0,0,1,1
519,519,0,0,0,0,0
520,520,0,0,0,1,0
521,521,0,0,0,1,0
522,522,0,0,0,1,0
523,523,0,0,0,1,0
524,524,0,0,0,0,0
525,525,0,0,0,1,0
526,526,0,0,0,1,0
527,527,0,0,0,1,0
528,528,0,0,0,1,1
529,529,0,0,0,0,0
530,530,0,0,0,1,1
531,531,0,0,0,0,0
532,532,0,0,0,1,1
533,533,0,0,0,0,1
534,534,0,0,0,0,0
535,535,0,0,0,1,1
536,536,0,0,1,0,0
537,537,0,0,0,1,1
538,538,0,0,0,0,1
539,539,0,0,0,0,0
540,540,0,0,0,1,1
541,541,0,0,0,0,0
542,542,0,0,0,1,1
543,543,0,0,0,0,0
544,544,0,0,0,0,0
545,545,0,0,0,1,1
546,546,0,0,0,0,0
547,547,0,0,0,1,1
548,548,0,0,0,0,0
549,549,0,0,0,1,1
550,550,0,0,0,1,0
551,551,0,0,0,0,0
552,552,0,0,0,1,1
553,553,0,0,0,0,0
554,554,0,0,0,1,1
555,555,0,0,0,1,0
556,556,0,0,0,0,0
557,557,0,0,0,1,1
558,558,0,0,0,0,0
559,559,0,0,0,1,1
560,560,0,0,0,0,0
561,561,0,0,0,1,0
562,562,0,0,0,1,1
563,563,0,0,0,0,0
564,564,0,0,0,1,1
565,565,0,0,0,0,0
566,566,0,0,0,1,0
567,567,0,0,0,1,1
568,568,0,0,0,0,0
569,569,0,0,0,1,1
570,570,0,0,0,0,0
571,571,0,0,0,1,1
572,572,0,0,0,0,1
573,573,0,0,0,1,0
574,574,0,0,0,1,1
575,575,0,0,0,0,0
576,576,0,0,0,1,1
577,577,0,0,0,0,0
578,578,0,0,0,1,0
579,579,0,0,0,0,1
580,580,0,0,0,0,0
581,581,0,0,0,1,1
582,582,0,0,0,0,0
583,583,0,0,0,1,0
584,584,0,0,0,0,0
585,585,0,0,0,0,0
586,586,0,0,0,1,1
587,587,0,0,0,0,0
588,588,0,0,0,1,0
589,589,0,0,0,0,0
590,590,0,0,0,1,1
591,591,0,0,0,1,0
592,592,0,0,0,0,0
593,593,0,0,0,1,1
594,594,0,0,0,0,0
595,595,0,0,0,1,1
596,596,0,0,0,1,0
597,597,0,0,0,0,0
598,598,0,0,0,1,0
599,599,0,0,0,0,0
600,600,0,0,0,1,1
601,601,0,0,0,0,0
602,602,0,0,0,1,0
603,603,0,0,0,1,0
604,604,0,0,0,0,0
605,605,0,0,0,1,1
606,606,0,0,0,0,0
607,607,0,0,0,1,0
608,608,0,0,0,1,0
609,609,0,0,0,1,0
610,610,0,0,0,1,1
611,611,0,0,0,0,0
612,612,0,0,0,1,1
613,613,0,0,0,1,0
614,614,0,0,0,1,0
615,615,0,0,0,1,1
616,616,0,0,0,0,0
617,617,0,0,0,1,1
618,618,0,0,0,0,0
619,619,0,0,0,1,1
620,620,0,0,0,0,1
621,621,0,0,0,0,0
622,622,0,0,0,1,1
623,623,0,0,1,0,0
624,624,0,0,0,1,1
625,625,0,0,0,0,1
626,626,0,0,0,0,0
627,627,0,0,0,1,1
628,628,0,0,0,0,0
629,629,0,0,0,1,1
630,630,0,0,0,0,0
631,631,0,0,0,1,0
632,632,0,0,0,1,1
633,633,0,0,0,0,0
634,634,0,0,0,1,1
635,635,0,0,0,0,0
636,636,0,0,0,1,1
637,637,0,0,0,1,1
638,638,0,0,0,0,0
639,639,0,0,0,1,1
640,640,0,0,0,0,0
641,641,0,0,0,1,1
642,642,0,0,0,0,1
643,643,0,0,0,1,0
644,644,0,0,0,1,0
645,645,0,0,0,0,0
646,646,0,0,0,1,1
647,647,0,0,0,0,1
648,648,0,0,0,1,0
649,649,0,0,0,1,0
650,650,0,0,0,0,0
651,651,0,0,0,1,1
652,652,0,0,0,0,1
653,653,0,0,0,1,0
654,654,0,0,0,1,0
655,655,0,0,0,1,0
656,656,0,0,0,1,1
657,657,0,0,0,0,1
658,658,0,0,0,1,1
659,659,0,0,0,0,0
660,660,0,0,0,1,1
661,661,0,0,0,0,1
662,662,0,0,0,0,1
663,663,0,0,0,1,1
664,664,0,0,0,0,0
665,665,0,0,0,1,1
666,666,0,0,0,0,1
667,667,0,0,0,0,1
668,668,0,0,0,1,1
669,669,0,0,0,0,0
670,670,0,0,0,1,1
671,671,0,0,0,0,0
672,672,0,0,0,1,1
673,673,0,0,0,1,0
674,674,0,0,0,0,0
675,675,0,0,0,1,1
676,676,0,0,0,0,0
677,677,0,0,0,1,1
678,678,0,0,0,1,0
679,679,0,0,0,0,0
680,680,0,0,0,1,1
681,681,0,0,0,0,0
682,682,0,0,0,1,1
683,683,0,0,0,1,0
684,684,0,0,0,0,0
685,685,0,0,0,1,1
686,686,0,0,0,0,0
687,687,0,0,0,1,1
688,688,0,0,0,0,0
689,689,0,0,0,1,0
690,690,0,0,0,1,0
691,691,0,0,0,0,0
692,692,0,0,0,1,1
693,693,0,0,0,0,0
694,694,0,0,0,1,0
695,695,0,0,0,1,0
696,696,0,0,0,1,0
697,697,0,0,0,1,1
698,698,0,0,0,0,0
699,699,0,0,0,1,1
700,700,0,0,0,0,0
701,701,0,0,0,1,1
702,702,0,0,0,1,1
703,703,0,0,0,0,0
704,704,0,0,0,1,1
705,705,0,0,0,0,0
706,706,0,0,0,1,0
707,707,0,0,0,0,1
708,708,0,0,0,0,0
709,709,0,0,0,1,1
710,710,0,0,0,0,0
711,711,0,0,0,1,1
712,712,0,0,0,0,1
713,713,0,0,0,0,0
714,714,0,0,0,1,1
715,715,0,0,0,0,0
716,716,0,0,0,1,1
717,717,0,0,0,0,0
718,718,0,0,0,1,0
719,719,0,0,0,1,0
720,720,0,0,0,0,0
721,721,0,0,0,1,1
722,722,0,0,0,0,0
723,723,0,0,0,1,0
724,724,0,0,0,1,0
725,725,0,0,0,0,0
726,726,0,0,0,1,1
727,727,0,0,0,0,0
728,728,0,0,0,1,1
729,729,0,0,0,0,0
730,730,0,0,0,1,0
731,731,0,0,0,1,0
732,732,0,0,0,0,0
733,733,0,0,0,1,1
734,734,0,0,0,0,0
735,735,0,0,0,1,0
736,736,0,0,0,1,0
737,737,0,0,0,1,0
738,738,0,0,0,1,0
739,739,0,0,0,0,0
740,740,0,0,0,1,1
741,741,0,0,0,0,0
742,742,0,0,0,1,1
743,743,0,0,0,1,1
744,744,0,0,0,0,0
745,745,0,0,0,1,1
746,746,0,0,0,0,0
747,747,0,0,0,1,1
748,748,0,0,0,0,1
749,749,0,0,0,0,0
750,750,0,0,0,1,1
751,751,0,0,1,0,0
752,752,0,0,0,1,1
753,753,0,0,0,0,0
754,754,0,0,0,0,0
755,755,0,0,0,1,1
756,756,0,0,0,0,0
757,757,0,0,0,1,1
758,758,0,0,0,0,0
759,759,0,0,0,0,0
760,760,0,0,0,1,1
761,761,0,0,0,0,0
762,762,0,0,0,1,1
763,763,0,0,0,0,0
764,764,0,0,0,1,1
765,765,0,0,0,1,0
766,766,0,0,0,0,0
767,767,0,0,0,1,1
768,768,0,0,0,0,0
769,769,0,0,0,1,1
770,770,0,0,0,0,0
771,771,0,0,0,1,0
772,772,0,0,0,1,1
773,773,0,0,0,0,0
774,774,0,0,0,1,1
775,775,0,0,0,0,0
776,776,0,0,0,1,0
777,777,0,0,0,1,1
778,778,0,0,0,1,0
779,779,0,0,0,1,1
780,780,0,0,0,0,0
781,781,0,0,0,1,0
782,782,0,0,0,1,1
783,783,0,0,0,1,0
784,784,0,0,0,1,1
785,785,0,0,0,0,0
786,786,0,0,0,1,1
787,787,0,0,0,0,1
788,788,0,0,0,1,0
789,789,0,0,0,0,1
790,790,0,0,0,0,0
791,791,0,0,0,1,1
792,792,0,0,0,0,0
793,793,0,0,0,1,0
794,794,0,0,0,0,1
795,795,0,0,0,0,0
796,796,0,0,0,1,1
797,797,0,0,0,0,0
798,798,0,0,0,1,0
799,799,0,0,0,0,0
800,800,0,0,0,0,1
801,801,0,0,0,1,0
802,802,0,0,0,0,0
803,803,0,0,0,1,0
804,804,0,0,0,0,0
805,805,0,0,0,1,1
806,806,0,0,0,1,0
807,807,0,0,0,0,0
808,808,0,0,0,1,1
809,809,0,0,0,0,0
810,810,0,0,0,1,1
811,811,0,0,0,1,0
812,812,0,0,0,0,0
813,813,0,0,0,1,0
814,814,0,0,0,0,0
815,815,0,0,0,1,1
816,816,0,0,0,0,0
817,817,0,0,0,1,0
818,818,0,0,0,1,0
819,819,0,0,0,0,0
820,820,0,0,0,1,1
821,821,0,0,0,0,0
822,822,0,0,0,1,0
823,823,0,0,0,1,0
824,824,0,0,0,0,0
825,825,0,0,0,1,1
826,826,0,0,0,0,0
827,827,0,0,0,1,1
828,828,0,0,0,0,0
829,829,0,0,0,1,1
830,830,0,0,0,1,1
831,831,0,0,0,0,0
832,832,0,0,0,1,1
833,833,0,0,1,0,0
834,834,0,0,0,1,1
835,835,0,0,0,0,1
836,836,0,0,0,0,0
837,837,0,0,0,1,1
838,838,0,0,0,0,0
839,839,0,0,0,1,1
840,840,0,0,0,0,0
841,841,0,0,0,0,0
842,842,0,0,0,1,1
843,843,0,0,0,0,0
844,844,0,0,0,1,1
845,845,0,0,0,0,0
846,846,0,0,0,1,0
847,847,0,0,0,1,1
848,848,0,0,0,0,0
849,849,0,0,0,1,1
850,850,0,0,0,0,0
851,851,0,0,0,1,1
852,852,0,0,0,1,1
853,853,0,0,0,0,0
854,854,0,0,0,1,1
855,855,0,0,0,0,0
856,856,0,0,0,1,1
857,857,0,0,0,0,1
858,858,0,0,0,1,0
859,859,0,0,0,1,0
860,860,0,0,0,0,0
861,861,0,0,0,1,1
862,862,0,0,0,0,1
863,863,0,0,0,1,0
864,864,0,0,0,1,0
865,865,0,0,0,0,0
866,866,0,0,0,1,1
867,867,0,0,0,0,1
868,868,0,0,0,1,0
869,869,0,0,0,0,0
870,870,0,0,0,1,1
871,871,0,0,0,1,1
872,872,0,0,0,0,1
873,873,0,0,0,1,1
874,874,0,0,0,0,0
875,875,0,0,0,1,1
876,876,0,0,0,0,1
877,877,0,0,0,0,1
878,878,0,0,0,1,1
879,879,0,0,0,0,0
880,880,0,0,0,1,1
881,881,0,0,0,0,0
882,882,0,0,0,0,1
883,883,0,0,0,1,1
884,884,0,0,0,0,0
885,885,0,0,0,1,1
886,886,0,0,0,0,0
887,887,0,0,0,1,1
888,888,0,0,0,1,0
889,889,0,0,0,0,0
890,890,0,0,0,1,1
891,891,0,0,0,0,0
892,892,0,0,0,1,1
893,893,0,0,0,1,0
894,894,0,0,0,0,0
895,895,0,0,0,1,1
896,896,0,0,0,0,0
897,897,0,0,0,1,1
898,898,0,0,0,0,0
899,899,0,0,0,1,0
900,900,0,0,0,1,1
901,901,0,0,0,0,0
902,902,0,0,0,1,1
903,903,0,0,0,0,0
904,904,0,0,0,1,0
905,905,0,0,0,1,0
906,906,0,0,0,0,0
907,907,0,0,0,1,1
908,908,0,0,0,0,0
909,909,0,0,0,1,0
910,910,0,0,0,1,0
911,911,0,0,0,1,0
912,912,0,0,0,1,1
913,913,0,0,0,0,0
914,914,0,0,0,1,1
915,915,0,0,0,0,0
916,916,0,0,0,1,1
917,917,0,0,0,0,1
918,918,0,0,0,0,0
919,919,0,0,0,1,1
920,920,0,0,1,0,0
921,921,0,0,0,1,0
922,922,0,0,0,0,1
923,923,0,0,0,0,0
924,924,0,0,0,1,1
925,925,0,0,0,0,0
926,926,0,0,0,1,1
927,927,0,0,0,0,1
928,928,0,0,0,0,0
929,929,0,0,0,1,1
930,930,0,0,0,0,0
931,931,0,0,0,1,1
932,932,0,0,0,0,0
933,933,0,0,0,1,0
934,934,0,0,0,1,0
935,935,0,0,0,0,0
936,936,0,0,0,1,1
937,937,0,0,0,0,0
938,938,0,0,0,1,0
939,939,0,0,0,0,0
940,940,0,0,0,0,0
941,941,0,0,0,1,0
942,942,0,0,0,0,0
943,943,0,0,0,1,1
944,944,0,0,0,0,0
945,945,0,0,0,1,0
946,946,0,0,0,1,0
947,947,0,0,0,0,0
948,948,0,0,0,1,0
949,949,0,0,0,0,0
950,950,0,0,0,1,0
951,951,0,0,0,1,0
952,952,0,0,0,1,0
953,953,0,0,0,1,1
954,954,0,0,0,0,0
955,955,0,0,0,1,1
956,956,0,0,0,0,0
957,957,0,0,0,1,1
958,958,0,0,0,1,1
959,959,0,0,0,0,0
960,960,0,0,0,1,1
961,961,0,0,0,0,0
962,962,0,0,0,1,1
963,963,0,0,0,0,1
964,964,0,0,0,0,0
965,965,0,0,0,1,1
966,966,0,0,0,0,0
967,967,0,0,0,1,1
968,968,0,0,0,0,0
969,969,0,0,0,0,0
970,970,0,0,0,1,1
971,971,0,0,0,0,0
972,972,0,0,0,1,1
973,973,0,0,0,0,0
974,974,0,0,0,0,0
975,975,0,0,0,1,1
976,976,0,0,0,0,0
977,977,0,0,0,1,1
978,978,0,0,0,0,0
979,979,0,0,0,1,1
980,980,0,0,0,1,0
981,981,0,0,0,0,0
982,982,0,0,0,1,1
983,983,0,0,0,0,0
984,984,0,0,0,1,1
985,985,0,0,0,0,0
986,986,0,0,0,1,0
987,987,0,0,0,1,1
988,988,0,0,0,0,0
989,989,0,0,0,1,1
990,990,0,0,0,0,0
991,991,0,0,0,1,0
992,992,0,0,0,1,1
993,993,0,0,0,1,0
994,994,0,0,0,1,1
995,995,0,0,0,0,0
996,996,0,0,0,1,1
997,997,0,0,0,0,1
998,998,0,0,0,1,0
999,999,0,0,0,1,1
1000,1000,0,0,0,0,0
1001,1001,0,0,0,1,1
1002,1002,0,0,0,0,0
1003,1003,0,0,0,1,0
1004,1004,0,0,0,0,1
1005,1005,0,0,0,0,0
1006,1006,0,0,0,1,1
1007,1007,0,0,0,0,0
1008,1008,0,0,0,1,0
1009,1009,0,0,0,0,1
1010,1010,0,0,0,0,0
1011,1011,0,0,0,1,1
1012,1012,0,0,0,0,0
1013,1013,0,0,0,1,0
1014,1014,0,0,0,0,0
1015,1015,0,0,0,0,1
1016,1016,0,0,0,1,0
1017,1017,0,0,0,0,0
1018,1018,0,0,0,1,0
1019,1019,0,0,0,0,0
1020,1020,0,0,0,1,1
1021,1021,0,0,0,1,0
1022,1022,0,0,0,0,0
1023,1023,0,0,0,1,1
1024,1024,1,0,0,0,0
1025,1025,0,0,0,1,1
1026,1026,0,0,0,0,0
1027,1027,0,0,0,1,0
1028,1028,0,0,0,1,0
1029,1029,0,0,0,0,0
1030,1030,0,0,0,1,1
1031,1031,0,0,0,0,0
1032,1032,0,0,0,1,0
1033,1033,0,0,0,1,0
1034,1034,0,0,0,0,0
1035,1035,0,0,0,1,1
1036,1036,0,0,0,0,0
1037,1037,0,0,0,1,1
1038,1038,0,0,0,1,0
1039,1039,0,0,0,1,0
1040,1040,0,0,0,1,1
1041,1041,0,0,0,0,0
1042,1042,0,0,0,1,1
1043,1043,0,0,0,0,0
1044,1044,0,0,0,1,1
1045,1045,0,0,0,0,1
1046,1046,0,0,0,0,0
1047,1047,0,0,0,1,1
1048,1048,0,0,1,0,0
1049,1049,0,0,0,1,1
1050,1050,0,0,0,0,1
1051,1051,0,0,0,0,0
1052,1052,0,0,0,1,1
1053,1053,0,0,0,0,0
1054,1054,0,0,0,1,1
1055,1055,0,0,0,0,0
1056,1056,0,0,0,0,0
1057,1057,0,0,0,1,1
1058,1058,0,0,0,0,0
1059,1059,0,0,0,1,1
1060,1060,0,0,0,0,0
1061,1061,0,0,0,1,1
1062,1062,0,0,0,1,1
1063,1063,0,0,0,0,0
1064,1064,0,0,0,1,1
1065,1065,0,0,0,0,0
1066,1066,0,0,0,1,1
1067,1067,0,0,0,1,1
1068,1068,0,0,0,0,0
1069,1069,0,0,0,1,1
1070,1070,0,0,0,0,0
1071,1071,0,0,0,1,1
1072,1072,0,0,0,0,1
1073,1073,0,0,0,1,0
1074,1074,0,0,0,1,0
1075,1075,0,0,0,0,0
1076,1076,0,0,0,1,1
1077,1077,0,0,0,0,1
1078,1078,0,0,0,1,0
1079,1079,0,0,0,1,0
1080,1080,0,0,0,1,0
1081,1081,0,0,0,1,1
1082,1082,0,0,0,0,1
1083,1083,0,0,0,1,1
1084,1084,0,0,0,0,0
1085,1085,0,0,0,1,1
1086,1086,0,0,0,1,1
1087,1087,0,0,0,0,1
1088,1088,0,0,0,1,1
1089,1089,0,0,0,0,0
1090,1090,0,0,0,1,1
1091,1091,0,0,0,0,1
1092,1092,0,0,0,0,1
1093,1093,0,0,0,1,1
1094,1094,0,0,0,0,0
1095,1095,0,0,0,1,1
1096,1096,0,0,0,0,0
1097,1097,0,0,0,0,1
1098,1098,0,0,0,1,1
1099,1099,0,0,0,0,0
1100,1100,0,0,0,1,1
1101,1101,0,0,0,0,0
1102,1102,0,0,0,1,1
1103,1103,0,0,0,1,0
1104,1104,0,0,0,0,0
1105,1105,0,0,0,1,1
1106,1106,0,0,0,0,0
1107,1107,0,0,0,1,1
1108,1108,0,0,0,1,0
1109,1109,0,0,0,0,0
1110,1110,0,0,0,1,1
1111,1111,0,0,0,0,0
1112,1112,0,0,0,1,1
1113,1113,0,0,0,0,0
1114,1114,0,0,0,1,0
1115,1115,0,0,0,1,1
1116,1116,0,0,0,0,0
1117,1117,0,0,0,1,1
1118,1118,0,0,0,0,0
1119,1119,0,0,0,1,0
1120,1120,0,0,0,1,0
1121,1121,0,0,0,1,0
1122,1122,0,0,0,1,1
1123,1123,0,0,0,0,0
1124,1124,0,0,0,1,1
1125,1125,0,0,0,0,0
1126,1126,0,0,0,1,0
1127,1127,0,0,0,1,1
1128,1128,0,0,0,0,0
1129,1129,0,0,0,1,1
1130,1130,0,0,0,0,0
1131,1131,0,0,0,1,0
1132,1132,0,0,0,0,1
1133,1133,0,0,0,1,0
1134,1134,0,0,0,1,1
1135,1135,0,0,1,0,0
1136,1136,0,0,0,1,0
1137,1137,0,0,0,0,1
1138,1138,0,0,0,0,0
1139,1139,0,0,0,1,1
1140,1140,0,0,0,0,0
1141,1141,0,0,0,1,1
1142,1142,0,0,0,0,0
1143,1143,0,0,0,1,0
1144,1144,0,0,0,1,0
1145,1145,0,0,0,0,0
1146,1146,0,0,0,1,1
1147,1147,0,0,0,0,0
1148,1148,0,0,0,1,0
1149,1149,0,0,0,1,0
1150,1150,0,0,0,0,0
1151,1151,0,0,0,1,1
1152,1152,0,0,0,0,0
1153,1153,0,0,0,1,0
1154,1154,0,0,0,0,0
1155,1155,0,0,0,1,0
1156,1156,0,0,0,1,0
1157,1157,0,0,0,0,0
1158,1158,0,0,0,1,1
1159,1159,0,0,0,0,0
1160,1160,0,0,0,1,0
1161,1161,0,0,0,1,0
1162,1162,0,0,0,1,0
1163,1163,0,0,0,1,0
1164,1164,0,0,0,0,0
1165,1165,0,0,0,1,1
1166,1166,0,0,0,1,0
1167,1167,0,0,0,1,1
1168,1168,0,0,0,1,1
1169,1169,0,0,0,0,0
1170,1170,0,0,0,1,1
1171,1171,0,0,0,0,0
1172,1172,0,0,0,1,1
1173,1173,0,0,0,0,1
1174,1174,0,0,0,0,0
1175,1175,0,0,0,1,1
1176,1176,0,0,0,0,0
1177,1177,0,0,0,1,1
1178,1178,0,0,0,0,1
1179,1179,0,0,0,0,0
1180,1180,0,0,0,1,1
1181,1181,0,0,0,0,0
1182,1182,0,0,0,1,1
1183,1183,0,0,0,0,0
1184,1184,0,0,0,0,0
1185,1185,0,0,0,1,1
1186,1186,0,0,0,0,0
1187,1187,0,0,0,1,1
1188,1188,0,0,0,0,0
1189,1189,0,0,0,1,1
1190,1190,0,0,0,1,1
1191,1191,0,0,0,0,0
1192,1192,0,0,0,1,1
1193,1193,0,0,0,0,0
1194,1194,0,0,0,1,1
1195,1195,0,0,0,1,0
1196,1196,0,0,0,0,0
1197,1197,0,0,0,1,1
1198,1198,0,0,0,0,0
1199,1199,0,0,0,1,1
1200,1200,0,0,0,0,0
1201,1201,0,0,0,1,0
1202,1202,0,0,0,1,1
1203,1203,0,0,0,0,0
1204,1204,0,0,0,1,1
1205,1205,0,0,0,0,0
1206,1206,0,0,0,1,0
1207,1207,0,0,0,1,1
1208,1208,0,0,0,1,0
1209,1209,0,0,0,1,1
1210,1210,0,0,0,0,0
1211,1211,0,0,0,1,1
1212,1212,0,0,0,0,1
1213,1213,0,0,0,1,0
1214,1214,0,0,0,1,1
1215,1215,0,0,0,0,0
1216,1216,0,0,0,1,1
1217,1217,0,0,0,0,0
1218,1218,0,0,0,1,0
1219,1219,0,0,0,0,1
1220,1220,0,0,0,0,0
1221,1221,0,0,0,1,1
1222,1222,0,0,0,0,0
1223,1223,0,0,0,1,0
1224,1224,0,0,0,0,0
1225,1225,0,0,0,0,1
1226,1226,0,0,0,1,1
1227,1227,0,0,0,0,0
1228,1228,0,0,0,1,0
1229,1229,0,0,0,0,0
1230,1230,0,0,0,1,1
1231,1231,0,0,0,1,0
1232,1232,0,0,0,0,0
1233,1233,0,0,0,1,1
1234,1234,0,0,0,0,0
1235,1235,0,0,0,1,1
1236,1236,0,0,0,1,0
1237,1237,0,0,0,0,0
1238,1238,0,0,0,1,0
1239,1239,0,0,0,0,0
1240,1240,0,0,0,1,1
1241,1241,0,0,0,0,0
1242,1242,0,0,0,1,0
1243,1243,0,0,0,1,0
1244,1244,0,0,0,0,0
1245,1245,0,0,0,1,1
1246,1246,0,0,0,0,0
1247,1247,0,0,0,1,0
1248,1248,0,0,0,1,0
1249,1249,0,0,0,0,0
1250,1250,0,0,0,1,1
1251,1251,0,0,0,0,0
1252,1252,0,0,0,1,1
1253,1253,0,0,0,0,0
1254,1254,0,0,0,1,1
1255,1255,0,0,0,1,1
1256,1256,0,0,0,0,0
1257,1257,0,0,0,1,1
1258,1258,0,0,0,0,0
1259,1259,0,0,0,1,1
1260,1260,0,0,0,0,1
1261,1261,0,0,0,0,0
1262,1262,0,0,0,1,1
1263,1263,0,0,1,0,0
1264,1264,0,0,0,1,1
1265,1265,0,0,0,0,1
1266,1266,0,0,0,0,0
1267,1267,0,0,0,1,1
1268,1268,0,0,0,0,0
1269,1269,0,0,0,1,1
1270,1270,0,0,0,0,0
1271,1271,0,0,0,1,0
1272,1272,0,0,0,1,1
1273,1273,0,0,0,0,0
1274,1274,0,0,0,1,1
1275,1275,0,0,0,0,0
1276,1276,0,0,0,1,1
1277,1277,0,0,0,1,1
1278,1278,0,0,0,0,0
1279,1279,0,0,0,1,1
1280,1280,0,0,0,0,0
1281,1281,0,0,0,1,1
1282,1282,0,0,0,0,1
1283,1283,0,0,0,1,0
1284,1284,0,0,0,1,0
1285,1285,0,0,0,0,0
1286,1286,0,0,0,1,1
1287,1287,0,0,0,0,1
1288,1288,0,0,0,1,0
1289,1289,0,0,0,1,0
1290,1290,0,0,0,0,0
1291,1291,0,0,0,1,1
1292,1292,0,0,0,0,1
1293,1293,0,0,0,1,0
1294,1294,0,0,0,1,0
1295,1295,0,0,0,1,0
1296,1296,0,0,0,1,1
1297,1297,0,0,0,0,1
1298,1298,0,0,0,1,1
1299,1299,0,0,0,0,0
1300,1300,0,0,0,1,1
1301,1301,0,0,0,0,1
1302,1302,0,0,0,0,1
1303,1303,0,0,0,1,1
1304,1304,0,0,0,0,0
1305,1305,0,0,0,1,1
1306,1306,0,0,0,0,1
1307,1307,0,0,0,0,1
1308,1308,0,0,0,1,1
1309,1309,0,0,0,0,0
1310,1310,0,0,0,1,1
1311,1311,0,0,0,0,0
1312,1312,0,0,0,0,1
1313,1313,0,0,0,1,0
1314,1314,0,0,0,0,0
1315,1315,0,0,0,1,1
1316,1316,0,0,0,0,0
1317,1317,0,0,0,1,1
1318,1318,0,0,0,1,0
1319,1319,0,0,0,0,0
1320,1320,0,0,0,1,1
1321,1321,0,0,0,0,0
1322,1322,0,0,0,1,1
1323,1323,0,0,0,0,0
1324,1324,0,0,0,0,0
1325,1325,0,0,0,1,1
1326,1326,0,0,0,0,0
1327,1327,0,0,0,1,1
1328,1328,0,0,0,0,0
1329,1329,0,0,0,1,0
1330,1330,0,0,0,1,0
1331,1331,0,0,0,0,0
1332,1332,0,0,0,1,1
1333,1333,0,0,0,0,0
1334,1334,0,0,0,1,0
1335,1335,0,0,0,1,0
1336,1336,0,0,0,1,0
1337,1337,0,0,0,1,1
1338,1338,0,0,0,0,0
1339,1339,0,0,0,1,1
1340,1340,0,0,0,0,0
1341,1341,0,0,0,1,0
1342,1342,0,0,0,1,1
1343,1343,0,0,0,1,0
1344,1344,0,0,0,1,1
1345,1345,0,0,0,0,0
1346,1346,0,0,0,1,0
1347,1347,0,0,0,0,1
1348,1348,0,0,0,0,0
1349,1349,0,0,0,1,1
1350,1350,0,0,0,0,0
1351,1351,0,0,0,1,1
1352,1352,0,0,0,0,1
1353,1353,0,0,0,0,0
1354,1354,0,0,0,1,1
1355,1355,0,0,0,0,0
1356,1356,0,0,0,1,1
1357,1357,0,0,0,0,0
1358,1358,0,0,0,1,0
1359,1359,0,0,0,1,0
1360,1360,0,0,0,0,0
1361,1361,0,0,0,1,1
1362,1362,0,0,0,0,0
1363,1363,0,0,0,1,0
1364,1364,0,0,0,1,0
1365,1365,0,0,0,0,0
1366,1366,0,0,0,1,1
1367,1367,0,0,0,0,0
1368,1368,0,0,0,1,1
1369,1369,0,0,0,0,0
1370,1370,0,0,0,1,0
1371,1371,0,0,0,1,0
1372,1372,0,0,0,0,0
1373,1373,0,0,0,1,0
1374,1374,0,0,0,0,0
1375,1375,0,0,0,1,0
1376,1376,0,0,0,1,0
1377,1377,0,0,0,1,0
1378,1378,0,0,0,1,0
1379,1379,0,0,0,0,0
1380,1380,0,0,0,1,1
1381,1381,0,0,0,0,0
1382,1382,0,0,0,1,1
1383,1383,0,0,0,1,1
1384,1384,0,0,0,0,0
1385,1385,0,0,0,1,1
1386,1386,0,0,0,0,0
1387,1387,0,0,0,1,1
1388,1388,0,0,0,0,1
1389,1389,0,0,0,0,0
1390,1390,0,0,0,1,1
1391,1391,0,0,1,0,0
1392,1392,0,0,0,1,1
1393,1393,0,0,0,0,1
1394,1394,0,0,0,0,0
1395,1395,0,0,0,1,1
1396,1396,0,0,0,0,0
1397,1397,0,0,0,1,1
1398,1398,0,0,0,0,0
1399,1399,0,0,0,0,0
1400,1400,0,0,0,1,1
1401,1401,0,0,0,0,0
1402,1402,0,0,0,1,1
1403,1403,0,0,0,0,0
1404,1404,0,0,0,1,1
1405,1405,0,0,0,1,0
1406,1406,0,0,0,0,0
1407,1407,0,0,0,1,1
1408,1408,0,0,0,0,0
1409,1409,0,0,0,1,1
1410,1410,0,0,0,0,0
1411,1411,0,0,0,1,0
1412,1412,0,0,0,1,1
1413,1413,0,0,0,0,0
1414,1414,0,0,0,1,1
1415,1415,0,0,0,0,0
1416,1416,0,0,0,1,0
1417,1417,0,0,0,1,1
1418,1418,0,0,0,0,0
1419,1419,0,0,0,1,1
1420,1420,0,0,0,0,0
1421,1421,0,0,0,1,0
1422,1422,0,0,0,1,1
1423,1423,0,0,0,1,0
1424,1424,0,0,0,1,1
1425,1425,0,0,0,0,0
1426,1426,0,0,0,1,1
1427,1427,0,0,0,0,1
1428,1428,0,0,0,1,0
1429,1429,0,0,0,0,1
1430,1430,0,0,0,0,0
1431,1431,0,0,0,1,1
1432,1432,0,0,0,0,0
1433,1433,0,0,0,1,0
1434,1434,0,0,0,0,1
1435,1435,0,0,0,0,0
1436,1436,0,0,0,1,1
1437,1437,0,0,0,0,0
1438,1438,0,0,0,1,0
1439,1439,0,0,0,0,0
1440,1440,0,0,0,0,1
1441,1441,0,0,0,1,0
1442,1442,0,0,0,0,0
1443,1443,0,0,0,1,0
1444,1444,0,0,0,0,0
1445,1445,0,0,0,1,1
1446,1446,0,0,0,1,0
1447,1447,0,0,0,0,0
1448,1448,0,0,0,1,1
1449,1449,0,0,0,0,0
1450,1450,0,0,0,1,1
1451,1451,0,0,0,1,0
1452,1452,0,0,0,1,0
1453,1453,0,0,0,1,0
1454,1454,0,0,0,0,0
1455,1455,0,0,0,1,1
1456,1456,0,0,0,0,0
1457,1457,0,0,0,1,0
1458,1458,0,0,0,1,0
1459,1459,0,0,0,0,0
1460,1460,0,0,0,1,1
1461,1461,0,0,0,0,0
1462,1462,0,0,0,1,0
1463,1463,0,0,0,1,0
1464,1464,0,0,0,0,0
1465,1465,0,0,0,1,1
1466,1466,0,0,0,0,0
1467,1467,0,0,0,1,1
1468,1468,0,0,0,0,0
1469,1469,0,0,0,1,1
1470,1470,0,0,0,1,1
1471,1471,0,0,0,0,0
1472,1472,0,0,0,1,1
1473,1473,0,0,1,0,0
1474,1474,0,0,0,1,1
1475,1475,0,0,0,0,1
1476,1476,0,0,0,0,0
1477,1477,0,0,0,1,1
1478,1478,0,0,0,0,0
1479,1479,0,0,0,1,1
1480,1480,0,0,0,0,0
1481,1481,0,0,0,0,0
1482,1482,0,0,0,1,1
1483,1483,0,0,0,0,0
1484,1484,0,0,0,1,1
1485,1485,0,0,0,0,0
1486,1486,0,0,0,1,0
1487,1487,0,0,0,1,1
1488,1488,0,0,0,0,0
1489,1489,0,0,0,1,1
1490,1490,0,0,0,0,0
1491,1491,0,0,0,1,1
1492,1492,0,0,0,1,1
1493,1493,0,0,0,0,0
1494,1494,0,0,0,1,1
1495,1495,0,0,0,0,0
1496,1496,0,0,0,1,1
1497,1497,0,0,0,0,1
1498,1498,0,0,0,1,0
1499,1499,0,0,0,1,0
1500,1500,0,0,0,0,0
1501,1501,0,0,0,1,1
1502,1502,0,0,0,0,1
1503,1503,0,0,0,1,0
1504,1504,0,0,0,1,0
1505,1505,0,0,0,0,0
1506,1506,0,0,0,1,1
1507,1507,0,0,0,0,1
1508,1508,0,0,0,1,0
1509,1509,0,0,0,0,0
1510,1510,0,0,0,1,1
1511,1511,0,0,0,1,1
1512,1512,0,0,0,0,1
1513,1513,0,0,0,1,1
1514,1514,0,0,0,0,0
1515,1515,0,0,0,1,1
1516,1516,0,0,0,0,1
1517,1517,0,0,0,0,1
1518,1518,0,0,0,1,1
1519,1519,0,0,0,0,0
1520,1520,0,0,0,1,1
1521,1521,0,0,0,0,0
1522,1522,0,0,0,0,1
1523,1523,0,0,0,1,1
1524,1524,0,0,0,0,0
1525,1525,0,0,0,1,1
1526,1526,0,0,0,0,0
1527,1527,0,0,0,1,1
1528,1528,0,0,0,1,0
1529,1529,0,0,0,0,0
1530,1530,0,0,0,1,1
1531,1531,0,0,0,0,0
1532,1532,0,0,0,1,1
1533,1533,0,0,0,1,0
1534,1534,0,0,0,0,0
1535,1535,0,0,0,1,1
1536,1536,0,0,0,0,0
1537,1537,0,0,0,1,1
1538,1538,0,0,0,0,0
1539,1539,0,0,0,1,0
1540,1540,0,0,0,1,1
1541,1541,0,0,0,0,0
1542,1542,0,0,0,1,1
1543,1543,0,0,0,0,0
1544,1544,0,0,0,1,0
1545,1545,0,0,0,1,0
1546,1546,0,0,0,0,0
1547,1547,0,0,0,1,1
1548,1548,0,0,0,0,0
1549,1549,0,0,0,1,0
1550,1550,0,0,0,1,0
1551,1551,0,0,0,1,0
1552,1552,0,0,0,1,1
1553,1553,0,0,0,0,0
1554,1554,0,0,0,1,1
1555,1555,0,0,0,0,0
1556,1556,0,0,0,1,0
1557,1557,0,0,0,0,1
1558,1558,0,0,0,0,0
1559,1559,0,0,0,1,1
1560,1560,0,0,1,0,0
1561,1561,0,0,0,1,0
1562,1562,0,0,0,0,1
1563,1563,0,0,0,0,0
1564,1564,0,0,0,1,1
1565,1565,0,0,0,0,0
1566,1566,0,0,0,1,1
1567,1567,0,0,0,0,0
1568,1568,0,0,0,0,0
1569,1569,0,0,0,1,1
1570,1570,0,0,0,0,0
1571,1571,0,0,0,1,1
1572,1572,0,0,0,0,0
1573,1573,0,0,0,1,0
1574,1574,0,0,0,1,0
1575,1575,0,0,0,0,0
1576,1576,0,0,0,1,1
1577,1577,0,0,0,0,0
1578,1578,0,0,0,1,0
1579,1579,0,0,0,1,0
1580,1580,0,0,0,0,0
1581,1581,0,0,0,1,0
1582,1582,0,0,0,0,0
1583,1583,0,0,0,1,1
1584,1584,0,0,0,0,0
1585,1585,0,0,0,1,0
1586,1586,0,0,0,1,0
1587,1587,0,0,0,0,0
1588,1588,0,0,0,1,0
1589,1589,0,0,0,0,0
1590,1590,0,0,0,1,0
1591,1591,0,0,0,1,0
1592,1592,0,0,0,1,0
1593,1593,0,0,0,1,0
1594,1594,0,0,0,0,0
1595,1595,0,0,0,1,1
1596,1596,0,0,0,0,0
1597,1597,0,0,0,1,1
1598,1598,0,0,0,1,1
1599,1599,0,0,0,0,0
1600,1600,0,0,0,1,1
1601,1601,0,0,0,0,0
1602,1602,0,0,0,1,1
1603,1603,0,0,0,0,1
1604,1604,0,0,0,0,0
1605,1605,0,0,0,1,1
1606,1606,0,0,0,0,0
1607,1607,0,0,0,1,1
1608,1608,0,0,0,0,0
1609,1609,0,0,0,0,0
1610,1610,0,0,0,1,1
1611,1611,0,0,0,0,0
1612,1612,0,0,0,1,1
1613,1613,0,0,0,0,0
1614,1614,0,0,0,1,0
1615,1615,0,0,0,1,1
1616,1616,0,0,0,0,0
1617,1617,0,0,0,1,1
1618,1618,0,0,0,0,0
1619,1619,0,0,0,1,1
1620,1620,0,0,0,1,0
1621,1621,0,0,0,0,0
1622,1622,0,0,0,1,1
1623,1623,0,0,0,0,0
1624,1624,0,0,0,1,1
1625,1625,0,0,0,0,0
1626,1626,0,0,0,1,0
1627,1627,0,0,0,1,1
1628,1628,0,0,0,0,0
1629,1629,0,0,0,1,1
1630,1630,0,0,0,0,0
1631,1631,0,0,0,1,0
1632,1632,0,0,0,1,1
1633,1633,0,0,0,1,0
1634,1634,0,0,0,1,1
1635,1635,0,0,0,0,0
1636,1636,0,0,0,1,1
1637,1637,0,0,0,1,1
1638,1638,0,0,0,1,0
1639,1639,0,0,0,1,1
1640,1640,0,0,0,0,0
1641,1641,0,0,0,1,1
1642,1642,0,0,0,0,0
1643,1643,0,0,0,1,0
1644,1644,0,0,0,0,1
1645,1645,0,0,0,0,0
1646,1646,0,0,0,1,1
1647,1647,0,0,0,0,0
1648,1648,0,0,0,1,0
1649,1649,0,0,0,0,1
1650,1650,0,0,0,0,0
1651,1651,0,0,0,1,1
1652,1652,0,0,0,0,0
1653,1653,0,0,0,1,0
1654,1654,0,0,0,0,0
1655,1655,0,0,0,0,1
1656,1656,0,0,0,1,0
1657,1657,0,0,0,0,0
1658,1658,0,0,0,1,0
1659,1659,0,0,0,0,0
1660,1660,0,0,0,1,1
1661,1661,0,0,0,1,0
1662,1662,0,0,0,0,0
1663,1663,0,0,0,1,1
1664,1664,0,0,0,0,0
1665,1665,0,0,0,1,1
1666,1666,0,0,0,0,0
1667,1667,0,0,0,1,0
1668,1668,0,0,0,1,0
1669,1669,0,0,0,0,0
1670,1670,0,0,0,1,1
1671,1671,0,0,0,0,0
1672,1672,0,0,0,1,0
1673,1673,0,0,0,1,0
1674,1674,0,0,0,0,0
1675,1675,0,0,0,1,1
1676,1676,0,0,0,0,0
1677,1677,0,0,0,1,1
1678,1678,0,0,0,1,0
1679,1679,0,0,0,1,0
1680,1680,0,0,0,1,1
1681,1681,0,0,0,0,0
1682,1682,0,0,0,1,1
1683,1683,0,0,0,0,0
1684,1684,0,0,0,1,1
1685,1685,0,0,0,0,1
1686,1686,0,0,0,0,0
1687,1687,0,0,0,1,1
1688,1688,0,0,1,0,0
1689,1689,0,0,0,1,1
1690,1690,0,0,0,0,1
1691,1691,0,0,0,0,0
1692,1692,0,0,0,1,1
1693,1693,0,0,0,0,0
1694,1694,0,0,0,1,1
1695,1695,0,0,0,0,0
1696,1696,0,0,0,0,0
1697,1697,0,0,0,1,1
1698,1698,0,0,0,0,0
1699,1699,0,0,0,1,1
1700,1700,0,0,0,0,0
1701,1701,0,0,0,1,1
1702,1702,0,0,0,1,1
1703,1703,0,0,0,0,0
1704,1704,0,0,0,1,1
1705,1705,0,0,0,0,0
1706,1706,0,0,0,1,1
1707,1707,0,0,0,1,1
1708,1708,0,0,0,0,0
1709,1709,0,0,0,1,1
1710,1710,0,0,0,0,0
1711,1711,0,0,0,1,1
1712,1712,0,0,0,0,1
1713,1713,0,0,0,1,0
1714,1714,0,0,0,1,0
1715,1715,0,0,0,0,0
1716,1716,0,0,0,1,1
1717,1717,0,0,0,0,1
1718,1718,0,0,0,1,0
1719,1719,0,0,0,1,0
1720,1720,0,0,0,0,0
1721,1721,0,0,0,1,1
1722,1722,0,0,0,0,1
1723,1723,0,0,0,1,1
1724,1724,0,0,0,0,0
1725,1725,0,0,0,1,1
1726,1726,0,0,0,1,1
1727,1727,0,0,0,0,1
1728,1728,0,0,0,1,1
1729,1729,0,0,0,0,0
1730,1730,0,0,0,1,1
1731,1731,0,0,0,0,1
1732,1732,0,0,0,0,1
1733,1733,0,0,0,1,1
1734,1734,0,0,0,0,0
1735,1735,0,0,0,1,1
1736,1736,0,0,0,0,0
1737,1737,0,0,0,1,1
1738,1738,0,0,0,1,1
1739,1739,0,0,0,0,0
1740,1740,0,0,0,1,1
1741,1741,0,0,0,0,0
1742,1742,0,0,0,1,1
1743,1743,0,0,0,1,0
1744,1744,0,0,0,0,0
1745,1745,0,0,0,1,1
1746,1746,0,0,0,0,0
1747,1747,0,0,0,1,1
1748,1748,0,0,0,1,0
1749,1749,0,0,0,0,0
1750,1750,0,0,0,1,1
1751,1751,0,0,0,0,0
1752,1752,0,0,0,1,1
1753,1753,0,0,0,0,0
1754,1754,0,0,0,1,0
1755,1755,0,0,0,1,1
1756,1756,0,0,0,0,0
1757,1757,0,0,0,1,1
1758,1758,0,0,0,0,0
1759,1759,0,0,0,1,0
1760,1760,0,0,0,1,0
1761,1761,0,0,0,0,0
1762,1762,0,0,0,1,1
1763,1763,0,0,0,0,0
1764,1764,0,0,0,1,1
1765,1765,0,0,0,0,0
1766,1766,0,0,0,1,0
1767,1767,0,0,0,1,1
1768,1768,0,0,0,0,0
1769,1769,0,0,0,1,1
1770,1770,0,0,0,0,0
1771,1771,0,0,0,1,1
1772,1772,0,0,0,0,1
1773,1773,0,0,0,1,0
1774,1774,0,0,0,1,1
1775,1775,0,0,0,0,0
1776,1776,0,0,0,1,0
1777,1777,0,0,0,0,1
1778,1778,0,0,0,0,0
1779,1779,0,0,0,1,1
1780,1780,0,0,0,0,0
1781,1781,0,0,0,1,1
1782,1782,0,0,0,0,0
1783,1783,0,0,0,0,0
1784,1784,0,0,0,1,1
1785,1785,0,0,0,0,0
1786,1786,0,0,0,1,1
1787,1787,0,0,0,0,0
1788,1788,0,0,0,1,0
1789,1789,0,0,0,1,0
1790,1790,0,0,0,0,0
1791,1791,0,0,0,1,1
1792,1792,0,0,0,0,0
1793,1793,0,0,0,1,0
1794,1794,0,0,0,0,0
1795,1795,0,0,0,1,0
1796,1796,0,0,0,1,0
1797,1797,0,0,0,0,0
1798,1798,0,0,0,1,1
1799,1799,0,0,0,0,0
1800,1800,0,0,0,1,0
1801,1801,0,0,0,1,0
1802,1802,0,0,0,1,0
1803,1803,0,0,0,1,0
1804,1804,0,0,0,0,0
1805,1805,0,0,0,1,1
1806,1806,0,0,0,1,0
1807,1807,0,0,0,1,1
1808,1808,0,0,0,1,1
1809,1809,0,0,0,0,0
1810,1810,0,0,0,1,1
1811,1811,0,0,0,0,0
1812,1812,0,0,0,1,1
1813,1813,0,0,0,0,1
1814,1814,0,0,0,0,0
1815,1815,0,0,0,1,1
1816,1816,0,0,0,0,0
1817,1817,0,0,0,1,1
1818,1818,0,0,0,0,1
1819,1819,0,0,0,0,0
1820,1820,0,0,0,1,1
1821,1821,0,0,0,0,0
1822,1822,0,0,0,1,1
1823,1823,0,0,0,0,0
1824,1824,0,0,0,0,0
1825,1825,0,0,0,1,1
1826,1826,0,0,0,0,0
1827,1827,0,0,0,1,1
1828,1828,0,0,0,0,0
1829,1829,0,0,0,1,1
1830,1830,0,0,0,1,0
1831,1831,0,0,0,0,0
1832,1832,0,0,0,1,1
1833,1833,0,0,0,0,0
1834,1834,0,0,0,1,1
1835,1835,0,0,0,1,0
1836,1836,0,0,0,0,0
1837,1837,0,0,0,1,1
1838,1838,0,0,0,0,0
1839,1839,0,0,0,1,1
1840,1840,0,0,0,0,0
1841,1841,0,0,0,1,0
1842,1842,0,0,0,1,1
1843,1843,0,0,0,0,0
1844,1844,0,0,0,1,1
1845,1845,0,0,0,0,0
1846,1846,0,0,0,1,0
1847,1847,0,0,0,1,1
1848,1848,0,0,0,1,0
1849,1849,0,0,0,1,1
1850,1850,0,0,0,0,0
1851,1851,0,0,0,1,1
1852,1852,0,0,0,0,1
1853,1853,0,0,0,1,0
1854,1854,0,0,0,1,1
1855,1855,0,0,0,0,0
1856,1856,0,0,0,1,1
1857,1857,0,0,0,0,0
1858,1858,0,0,0,1,0
1859,1859,0,0,0,0,1
1860,1860,0,0,0,0,0
1861,1861,0,0,0,1,1
1862,1862,0,0,0,0,0
1863,1863,0,0,0,1,0
1864,1864,0,0,0,0,0
1865,1865,0,0,0,0,1
1866,1866,0,0,0,1,1
1867,1867,0,0,0,0,0
1868,1868,0,0,0,1,0
1869,1869,0,0,0,0,0
1870,1870,0,0,0,0,1
1871,1871,0,0,0,1,0
1872,1872,0,0,0,0,0
1873,1873,0,0,0,1,1
1874,1874,0,0,0,0,0
1875,1875,0,0,0,1,1
1876,1876,0,0,0,1,0
1877,1877,0,0,0,0,0
1878,1878,0,0,0,1,0
1879,1879,0,0,0,0,0
1880,1880,0,0,0,1,1
1881,1881,0,0,0,0,0
1882,1882,0,0,0,1,0
1883,1883,0,0,0,1,0
1884,1884,0,0,0,0,0
1885,1885,0,0,0,1,1
1886,1886,0,0,0,0,0
1887,1887,0,0,0,1,0
1888,1888,0,0,0,1,0
1889,1889,0,0,0,0,0
1890,1890,0,0,0,1,1
1891,1891,0,0,0,0,0
1892,1892,0,0,0,1,1
1893,1893,0,0,0,0,0
1894,1894,0,0,0,1,1
1895,1895,0,0,0,1,1
1896,1896,0,0,0,0,0
1897,1897,0,0,0,1,1
1898,1898,0,0,0,0,0
1899,1899,0,0,0,1,1
1900,1900,0,0,0,0,1
1901,1901,0,0,0,0,0
1902,1902,0,0,0,1,1
1903,1903,0,0,1,0,0
1904,1904,0,0,0,1,1
1905,1905,0,0,0,0,1
1906,1906,0,0,0,0,0
1907,1907,0,0,0,1,1
1908,1908,0,0,0,0,0
1909,1909,0,0,0,1,1
1910,1910,0,0,0,0,0
1911,1911,0,0,0,1,0
1912,1912,0,0,0,1,1
1913,1913,0,0,0,0,0
1914,1914,0,0,0,1,1
1915,1915,0,0,0,0,0
1916,1916,0,0,0,1,1
1917,1917,0,0,0,1,1
1918,1918,0,0,0,0,0
1919,1919,0,0,0,1,1
1920,1920,0,0,0,0,0
1921,1921,0,0,0,1,1
1922,1922,0,0,0,0,1
1923,1923,0,0,0,1,0
1924,1924,0,0,0,1,0
1925,1925,0,0,0,0,0
1926,1926,0,0,0,1,1
1927,1927,0,0,0,0,1
1928,1928,0,0,0,1,0
1929,1929,0,0,0,1,0
1930,1930,0,0,0,0,0
1931,1931,0,0,0,1,1
1932,1932,0,0,0,0,1
1933,1933,0,0,0,1,0
1934,1934,0,0,0,1,0
1935,1935,0,0,0,1,0
1936,1936,0,0,0,1,1
1937,1937,0,0,0,0,1
1938,1938,0,0,0,1,1
1939,1939,0,0,0,0,0
1940,1940,0,0,0,1,1
1941,1941,0,0,0,0,1
1942,1942,0,0,0,0,1
1943,1943,0,0,0,1,1
1944,1944,0,0,0,0,0
1945,1945,0,0,0,1,1
1946,1946,0,0,0,0,1
1947,1947,0,0,0,0,1
1948,1948,0,0,0,1,1
1949,1949,0,0,0,0,0
1950,1950,0,0,0,1,1
1951,1951,0,0,0,0,0
1952,1952,0,0,0,1,1
1953,1953,0,0,0,1,0
1954,1954,0,0,0,0,0
1955,1955,0,0,0,1,1
1956,1956,0,0,0,0,0
1957,1957,0,0,0,1,1
1958,1958,0,0,0,1,0
1959,1959,0,0,0,0,0
1960,1960,0,0,0,1,1
1961,1961,0,0,0,0,0
1962,1962,0,0,0,1,1
1963,1963,0,0,0,1,0
1964,1964,0,0,0,0,0
1965,1965,0,0,0,1,1
1966,1966,0,0,0,0,0
1967,1967,0,0,0,1,1
1968,1968,0,0,0,0,0
1969,1969,0,0,0,1,0
1970,1970,0,0,0,1,0
1971,1971,0,0,0,0,0
1972,1972,0,0,0,1,1
1973,1973,0,0,0,0,0
1974,1974,0,0,0,1,0
1975,1975,0,0,0,1,0
1976,1976,0,0,0,1,0
1977,1977,0,0,0,1,1
1978,1978,0,0,0,0,0
1979,1979,0,0,0,1,1
1980,1980,0,0,0,0,0
1981,1981,0,0,0,1,1
1982,1982,0,0,0,1,1
1983,1983,0,0,0,0,0
1984,1984,0,0,0,1,1
1985,1985,0,0,0,0,0
1986,1986,0,0,0,1,0
1987,1987,0,0,0,0,1
1988,1988,0,0,0,0,0
1989,1989,0,0,0,1,1
1990,1990,0,0,0,0,0
1991,1991,0,0,0,1,0
1992,1992,0,0,0,0,1
1993,1993,0,0,1,0,0
1994,1994,0,0,0,1,1
1995,1995,0,0,0,0,0
1996,1996,0,0,0,1,1
1997,1997,0,0,0,0,0
1998,1998,0,0,0,1,0
1999,1999,0,0,0,1,0
2000,2000,0,0,0,0,0
2001,2001,0,0,0,1,1
2002,2002,0,0,0,0,0
2003,2003,0,0,0,1,0
2004,2004,0,0,0,1,0
2005,2005,0,0,0,0,0
2006,2006,0,0,0,1,1
2007,2007,0,0,0,0,0
2008,2008,0,0,0,1,1
2009,2009,0,0,0,0,0
2010,2010,0,0,0,1,0
2011,2011,0,0,0,1,0
2012,2012,0,0,0,0,0
2013,2013,0,0,0,1,0
2014,2014,0,0,0,0,0
2015,2015,0,0,0,1,0
2016,2016,0,0,0,1,0
2017,2017,0,0,0,1,0
2018,2018,0,0,0,1,0
2019,2019,0,0,0,0,0
2020,2020,0,0,0,1,1
2021,2021,0,0,0,0,0
2022,2022,0,0,0,1,1
2023,2023,0,0,0,1,1
2024,2024,0,0,0,1,0
2025,2025,0,0,0,1,1
2026,2026,0,0,0,0,0
2027,2027,0,0,0,1,1
2028,2028,0,0,0,0,1
2029,2029,0,0,0,0,0
2030,2030,0,0,0,1,1
2031,2031,0,0,0,0,0
2032,2032,0,0,0,1,1
2033,2033,0,0,0,0,0
2034,2034,0,0,0,0,0
2035,2035,0,0,0,1,1
2036,2036,0,0,0,0,0
2037,2037,0,0,0,1,1
2038,2038,0,0,0,0,0
2039,2039,0,0,0,0,0
2040,2040,0,0,0,1,1
2041,2041,0,0,0,0,0
2042,2042,0,0,0,1,1
2043,2043,0,0,0,0,0
2044,2044,0,0,0,1,1
2045,2045,0,0,0,1,0
2046,2046,0,0,0,0,0
2047,2047,0,0,0,1,1
